{
    "loss": 0.056950878351926804,
    "accuracy": 1.0,
    "precision": 1.0,
    "recall": 1.0,
    "f1": 1.0,
    "auc": 1.0,
    "confusion_matrix": [
        [
            8,
            0
        ],
        [
            0,
            8
        ]
    ],
    "labels": [
        0,
        0,
        0,
        0,
        0,
        0,
        0,
        0,
        1,
        1,
        1,
        1,
        1,
        1,
        1,
        1
    ],
    "preds": [
        0,
        0,
        0,
        0,
        0,
        0,
        0,
        0,
        1,
        1,
        1,
        1,
        1,
        1,
        1,
        1
    ],
    "probs": [
        0.1877763271331787,
        0.00951570738106966,
        0.0530581958591938,
        0.028936967253684998,
        0.07364215701818466,
        0.09817077219486237,
        0.04615958034992218,
        0.0506877638399601,
        0.9980828762054443,
        0.994992196559906,
        0.9540947675704956,
        0.9997968077659607,
        0.999745786190033,
        0.9975221753120422,
        0.9990354776382446,
        0.9638597369194031
    ]
}