{
    "train_loss": [
        0.20817642354983493,
        0.10786999274113793,
        0.08019508052891566,
        0.07200566585535652,
        0.04282955838898711,
        0.03358774109132177,
        0.035330089314789315,
        0.028574435611718272
    ],
    "test_loss": [
        0.6910742305410214,
        0.4101860940647431,
        0.8087746482700683,
        0.4528332434785672,
        1.2610184966529816,
        1.284414613525419,
        0.802549337135413,
        1.5796769339160677
    ],
    "train_acc": [
        0.9164110429447853,
        0.95954754601227,
        0.9704754601226994,
        0.9745015337423313,
        0.9852377300613497,
        0.9892638036809815,
        0.9871549079754601,
        0.9898389570552147
    ],
    "test_acc": [
        0.7275641025641025,
        0.8317307692307693,
        0.7612179487179487,
        0.8413461538461539,
        0.7163461538461539,
        0.7259615384615384,
        0.7932692307692307,
        0.7067307692307693
    ]
}