{
    "timestamp": "2026-04-01 02:11:01",
    "model_class": "DenseNet",
    "num_epochs": 8,
    "best_val_loss": 0.056950878351926804,
    "final_val_accuracy": 1.0,
    "final_val_auc": 1.0,
    "final_test_accuracy": 0.7932692307692307,
    "final_test_balanced_accuracy": null,
    "final_test_auc": 0.9335908393600701
}